{"cameraMode":{"drawMode":0,"name":"Shaded","section":"Shading Mode"},"sceneLighting":true,"audioPlay":false,"sceneViewState":{"m_AlwaysRefresh":false,"showFog":true,"showSkybox":true,"showFlares":true,"showImageEffects":true,"showParticleSystems":true,"showVisualEffectGraphs":true,"m_FxEnabled":true},"in2DMode":false,"pivot":{"x":12.152822494506836,"y":5.355020999908447,"z":-4.398656845092773},"rotation":{"x":0.11188559979200363,"y":-0.23845209181308747,"z":0.027641722932457925,"w":0.9643483757972717},"size":6.592541217803955,"orthographic":false}